0.7246879555962302,0.8475611209869385,81.064865,82.09531,80.03443,101.11253,100.77379,101.45016
0.4160726043311032,0.4702678322792053,57.34431,58.93093,55.757683,75.31685,75.99964,74.627815
0.3006341782483188,0.32776832580566406,48.183414,53.287395,43.07943,62.878616,68.59412,56.588768
0.2413272044875405,0.2591063678264618,42.35778,48.126614,36.588943,55.906017,63.695198,46.83895
0.21184370599009775,0.22799231112003326,38.94646,44.528202,33.364723,52.442043,60.64068,42.69712
0.19390764832496643,0.2128911167383194,37.88956,43.55992,32.219196,50.675526,58.923798,40.792206
0.1850232549689033,0.20727325975894928,35.88663,41.115265,30.657995,50.002438,58.32424,39.984627
0.17551337588917126,0.19504284858703613,36.796318,43.034966,30.557667,48.50478,56.724545,38.5714
0.16697975451296027,0.18769672513008118,36.11392,42.983543,29.244295,47.582565,56.15066,37.0851
0.15810538828372955,0.16618221998214722,32.94366,38.676434,27.21089,44.77255,52.779064,34.979027
0.14832381904125214,0.15988296270370483,31.921715,36.987087,26.85635,43.915783,51.62968,34.519104
0.1391273791139776,0.1551930010318756,31.411993,36.40913,26.414858,43.26688,50.9693,33.855236
0.1355449828234586,0.15511396527290344,32.489872,38.230694,26.749046,43.255863,50.97177,33.823326
0.1302419352260503,0.14269869029521942,30.130102,35.15691,25.103287,41.48867,48.673946,32.763798
0.12416029315103184,0.1395968198776245,29.513012,34.118404,24.907621,41.035267,48.32481,32.132526
0.12365855547514829,0.13266941905021667,29.553766,34.726933,24.380598,40.00414,47.256493,31.104435
0.1168813481926918,0.12630192935466766,28.607481,33.37499,23.839975,39.032333,46.07806,30.395039
0.11588681963357059,0.1233963668346405,27.960064,32.619583,23.300552,38.58075,45.399487,30.26277
0.11230161041021347,0.12120571732521057,28.402952,33.934196,22.871702,38.23676,45.43605,29.320038
0.10459154302423651,0.11959265917539597,28.658998,33.70311,23.61488,37.981472,44.713364,29.764055
0.10404493659734726,0.11055412888526917,26.735975,31.396715,22.075232,36.518,43.023075,28.568228
0.10176596113226631,0.10889732092618942,26.843779,31.180172,22.507381,36.243332,42.36984,28.843628
0.10148251598531549,0.11983803659677505,27.46858,30.42682,24.510334,38.020416,42.75567,32.60455
0.09966055168346925,0.10638438910245895,25.741207,30.05715,21.425262,35.822712,42.245434,27.9617
0.09440896253694188,0.10173557698726654,25.56578,29.753052,21.37851,35.031273,41.220207,27.48226
0.09321943399581042,0.10195374488830566,25.287142,29.38818,21.186102,35.068817,41.212143,27.589912
0.09306836534630168,0.09979359805583954,25.782402,30.012518,21.552288,34.695316,40.521145,27.668877
0.0906959826296026,0.09975992143154144,25.06463,28.951578,21.17768,34.689465,40.48955,27.700428
0.09150971607728438,0.09564021974802017,25.076149,28.878368,21.273926,33.96564,39.637604,27.132814
0.08950064669955861,0.09489477425813675,24.597145,28.661331,20.532959,33.83301,39.713116,26.68734
0.08655912429094315,0.09606168419122696,24.676947,28.48381,20.870083,34.040394,39.604095,27.368097
0.08745119585232301,0.0932059958577156,24.292246,28.288956,20.295536,33.53061,39.37822,26.418919
0.08575950562953949,0.09407797455787659,24.484861,28.657734,20.311985,33.687088,39.706764,26.325134
0.08572170477021825,0.09261409938335419,24.158976,28.137487,20.180462,33.423973,39.30287,26.260395
0.08518005975268104,0.09225084632635117,24.44205,28.81041,20.0737,33.35836,39.371048,25.990015
0.08577280220660297,0.09192314743995667,24.77401,29.055502,20.492514,33.299057,39.10461,26.238976
0.08493581007827412,0.0932406410574913,24.828419,28.930473,20.72636,33.53684,39.26557,26.601768
0.08584384349259463,0.09052319079637527,24.030666,27.850554,20.210777,33.044518,38.612076,26.324669
0.08386800912293521,0.09205034375190735,24.23512,27.895891,20.574354,33.32209,38.68213,26.914976
0.08297703415155411,0.0885123759508133,23.76572,27.781702,19.749737,32.675446,38.459824,25.61662
0.08375450426881964,0.09548167884349823,25.477066,30.26335,20.690783,33.937473,40.116745,26.346748
0.0822901576757431,0.09256883710622787,24.155853,27.924257,20.387447,33.415806,38.958183,26.748678
0.08756618879058144,0.09198793768882751,24.022942,27.818735,20.227146,33.31079,38.953682,26.49204
0.08362932300025766,0.08826686441898346,23.669523,27.740852,19.598196,32.630096,38.58472,25.311373
0.08087166127833453,0.08806056529283524,24.091028,28.731321,19.450735,32.59194,38.624023,25.152622
0.0798802829601548,0.0887678936123848,23.828611,27.699783,19.957436,32.722576,38.157166,26.183289
0.0817174261266535,0.08769354969263077,23.956738,28.28481,19.628666,32.523952,38.434513,25.266645
0.08096492222764275,0.08955323696136475,24.472977,28.214518,20.731436,32.86701,38.35968,26.2491
0.07975922118533742,0.09540421515703201,25.392689,30.228384,20.556995,33.923706,40.21296,26.163975
0.08126506954431534,0.0904187560081482,24.73662,29.418835,20.054401,33.02545,39.114338,25.523115
0.07853239368308675,0.08725026249885559,23.371365,27.422823,19.319904,32.441647,38.298744,25.261173
0.07837252183393999,0.08692533522844315,23.404942,27.319126,19.490755,32.38118,38.054085,25.474857
0.07790202782912688,0.08689485490322113,23.472836,27.345884,19.59979,32.375504,38.002792,25.536922
0.0805493572896177,0.09116512537002563,24.747313,29.345364,20.149263,33.161476,39.265884,25.642889
0.07937969606031071,0.08460917323827744,23.22443,27.282087,19.166773,31.946865,37.693157,24.908438
0.07904590463096445,0.08403635770082474,23.346601,27.700096,18.99311,31.83854,37.811752,24.447012
0.07777954976667058,0.08802341669797897,23.559052,27.348507,19.769596,32.585068,38.117863,25.895979
0.07787630639292976,0.0902460515499115,24.548157,28.731237,20.36507,32.9939,38.806427,25.908611
0.07873415811495348,0.08977600932121277,24.401985,29.321886,19.482084,32.907864,39.284866,24.951033
0.07826864990321072,0.09717138856649399,25.82041,29.679651,21.961168,34.236446,39.724247,27.681273
0.07924236763607372,0.08485013991594315,23.433773,27.649048,19.218496,31.992325,37.858772,24.773598
0.07589666680856184,0.08359485864639282,23.234444,27.491966,18.976917,31.754793,37.574863,24.593977
0.07582977210933511,0.08789170533418655,24.299267,29.172218,19.42632,32.56068,38.807873,24.785984
0.07910418036309155,0.10376761108636856,26.776598,31.539822,22.013378,35.3794,41.604687,27.793047
0.08022873306816275,0.08323772251605988,22.971142,26.916065,19.02622,31.686892,37.550064,24.456303
0.07775036584247243,0.09173440933227539,24.014662,28.034376,19.994946,33.264854,39.12496,26.121613
0.08128564737059853,0.08277854323387146,23.000631,27.120073,18.88119,31.59937,37.50988,24.290934
0.07624315809119832,0.08258672058582306,23.04337,27.343166,18.743565,31.562735,37.551296,24.131155
0.076270999556238,0.08568623661994934,23.200495,27.235586,19.165403,32.149563,38.009865,24.948719
0.07811208949847655,0.08272089064121246,23.014322,27.090511,18.938128,31.588362,37.470657,24.322811
0.07678271897814491,0.08267119526863098,22.984657,27.3827,18.586617,31.578875,37.672016,23.984781
0.07525367018851367,0.08482414484024048,23.816381,28.8019,18.830862,31.987425,38.21899,24.201225
0.07675794850696217,0.08448851853609085,23.433716,27.370842,19.496588,31.924078,37.6278,24.948793
0.07517175240950151,0.08199334889650345,22.935633,26.922152,18.949112,31.449142,37.117287,24.50315
0.07510966062545776,0.08719317615032196,24.062935,28.559359,19.56651,32.43103,38.495796,24.932253
0.07747960564765063,0.0836162269115448,23.056372,26.969107,19.143639,31.758852,37.365135,24.921797
0.0746613625775684,0.08315885066986084,22.840792,27.02627,18.655313,31.671873,37.70066,24.18419
0.07700579003854231,0.0819113478064537,22.792158,26.823833,18.760483,31.433413,37.369987,24.074942
0.07633232528513129,0.08214623481035233,22.829393,26.726624,18.932169,31.478449,37.12749,24.562878
0.07595773583108728,0.09186839312314987,24.3157,27.240023,21.391375,33.289143,37.69145,28.207952
0.07812514697963541,0.08120878785848618,22.729376,26.749096,18.709658,31.29832,37.26066,23.891695
0.07482677291740071,0.08114872127771378,22.899656,27.04646,18.752848,31.286741,37.17426,23.995728
0.07336664606224406,0.08063560724258423,22.672335,26.824505,18.520163,31.18767,37.11235,23.833067
0.07343341342427513,0.08563661575317383,23.72742,27.87438,19.58046,32.140247,37.961246,24.998701
0.07418872348286888,0.08099492639303207,22.839611,26.99002,18.689205,31.25708,37.013554,24.166239
0.0737912729382515,0.08137451112270355,22.88622,26.886366,18.886076,31.33024,36.98355,24.40051
0.07475627552379262,0.08082593232393265,22.599339,26.838161,18.36051,31.224455,37.309074,23.621304
0.0737846778197722,0.08634950965642929,23.302734,27.305384,19.300085,32.273754,38.106537,25.121342
0.07561529563231902,0.08061696588993073,22.94705,27.084885,18.809221,31.184065,36.980038,24.028494
0.07521607184951956,0.07993144541978836,22.750006,27.08842,18.411592,31.051197,36.99427,23.65962
0.07354390688917854,0.07993558049201965,22.516792,26.760195,18.27339,31.051998,37.092384,23.507618
0.07378153299743478,0.08793291449546814,24.397516,28.302954,20.492079,32.568314,38.16867,25.77872
0.07475896044210954,0.0815921425819397,23.070889,27.706932,18.434845,31.372105,37.537086,23.651323
0.07279865782369267,0.08193545043468475,23.10352,26.943953,19.263088,31.438038,37.125576,24.46205
0.07373733750798485,0.0796801894903183,22.668749,26.756363,18.581131,31.002357,36.79315,23.844414
0.07215420563112605,0.07995548844337463,22.728582,26.855665,18.601503,31.055866,36.92244,23.783754
0.07387264140627602,0.08504787087440491,23.93809,28.602074,19.274101,32.02958,38.143543,24.43068
0.07278973135081204,0.07981494814157486,22.638681,26.836689,18.440674,31.02856,36.96156,23.651354
0.07195836373350838,0.08011196553707123,22.872913,27.191525,18.554306,31.08624,37.03267,23.691566
0.07190513001246886,0.07998063415288925,22.627188,26.642517,18.61186,31.060753,36.70588,24.129213
0.07160657847469504,0.07884779572486877,22.388458,26.410133,18.366783,30.839994,36.623688,23.683664
0.07216160676696083,0.07863561809062958,22.490911,26.508284,18.473534,30.798471,36.619938,23.581175
0.07069112970070406,0.07859286665916443,22.520473,26.614332,18.426615,30.7901,36.614334,23.568008
0.073081143877723,0.07929224520921707,22.446186,26.464529,18.427845,30.92679,36.691273,23.805107
0.07251691750504753,0.07838280498981476,22.383514,26.453482,18.313547,30.748924,36.646988,23.409206
0.0712041130120104,0.07842934876680374,22.475368,26.547367,18.403374,30.75805,36.60363,23.500845
0.07130188765850934,0.07899321615695953,22.538378,26.660995,18.415754,30.86842,36.746853,23.566668
0.07234026017514142,0.08005743473768234,22.614868,26.70929,18.520445,31.075657,36.8059,24.014969
0.07271143387664449,0.0804176926612854,22.525988,26.591143,18.460833,31.145502,37.03531,23.842617
0.07322358543222601,0.08143436908721924,22.634459,26.79171,18.477207,31.341759,37.31568,23.919693
0.07337138124487617,0.08081123232841492,22.564995,26.643486,18.486506,31.221617,37.09971,23.941387
0.07222804020751607,0.07885749638080597,22.403566,26.516218,18.29091,30.841892,36.73105,23.521788
0.07107328217137944,0.0785219818353653,22.421679,26.574844,18.268515,30.77621,36.68404,23.422884
0.07119962843981656,0.07808401435613632,22.415993,26.6267,18.205288,30.69026,36.569786,23.375946
0.07092933763157237,0.07887536287307739,22.614214,26.793999,18.43443,30.845385,36.735218,23.524445
0.07204116609963504,0.08131761848926544,22.980932,27.115643,18.846226,31.319283,37.196724,24.045765
0.07414323091506958,0.08239717781543732,23.32026,28.179018,18.461498,31.526495,37.83268,23.590849
0.0718971924348311,0.08061875402927399,22.971464,27.489647,18.45328,31.18441,37.305344,23.521183
0.07106777754696933,0.07798786461353302,22.324196,26.466974,18.181416,30.671358,36.561256,23.339651
0.0709006826985966,0.0800229012966156,22.909454,27.189241,18.629673,31.068958,36.990875,23.711506
0.07019941102374684,0.07859672605991364,22.50192,26.5982,18.405642,30.790855,36.495235,23.753975
0.0714493610642173,0.07788477838039398,22.438934,26.489204,18.388664,30.651081,36.43759,23.479343
0.0710859786380421,0.08833657950162888,24.563322,28.516773,20.609867,32.642982,38.073746,26.105907
0.07639175382527438,0.07909464091062546,22.588863,26.81175,18.365978,30.888233,36.857403,23.445635
0.0717673772438006,0.08115407824516296,22.948792,27.198492,18.69909,31.287775,37.250916,23.87926
0.07143273814158006,0.0781976729631424,22.431507,26.853773,18.00924,30.712587,36.75052,23.150063
0.07058254697106102,0.08352972567081451,23.554585,28.211033,18.898136,31.742418,37.950233,23.977951
0.0717888122255152,0.08039677143096924,22.92347,27.041628,18.805313,31.141449,36.970184,23.93293
0.07100857184691863,0.07962647080421448,22.860895,26.95095,18.770838,30.991901,36.787544,23.825882
0.06958793137561191,0.07824908196926117,22.505037,26.48005,18.530025,30.722683,36.424225,23.686329
0.07164276526732878,0.0783136859536171,22.30266,26.292816,18.312508,30.735361,36.435463,23.701944
0.07021917673674496,0.0780915841460228,22.383612,26.455797,18.311428,30.691748,36.48171,23.517048
0.07032043012705716,0.07734476774930954,22.297876,26.464912,18.130842,30.544636,36.436314,23.202255
0.07006263800642708,0.07765329629182816,22.324837,26.523083,18.12659,30.6055,36.544254,23.192904
0.06971140679987994,0.07761580497026443,22.402544,26.508593,18.296494,30.598108,36.40647,23.389256
0.07069650427861647,0.078218974173069,22.596916,26.751717,18.442118,30.716772,36.56652,23.450584
0.07063991779630835,0.07843685150146484,22.328506,26.317225,18.339788,30.759521,36.60619,23.500702
0.07042564858089793,0.07785560190677643,22.273811,26.473608,18.074017,30.645342,36.58448,23.234667
0.07042265480214899,0.0778602883219719,22.33736,26.52022,18.1545,30.646263,36.5769,23.24903
0.07179798795418306,0.0785241425037384,22.560085,26.938526,18.181644,30.776634,36.804874,23.23367
0.070551221343604,0.08232028782367706,23.342009,28.034721,18.649298,31.511782,37.693195,23.774094
0.07177298177372325,0.07973450422286987,22.845325,27.291117,18.399532,31.012918,37.03044,23.502098
0.07258786057884042,0.07769326865673065,22.267736,26.402342,18.133131,30.613377,36.545803,23.21124
0.07113110612739217,0.07788881659507751,22.306192,26.455921,18.156464,30.651876,36.492107,23.396605
0.07072710449045355,0.07795273512601852,22.230232,26.350359,18.110107,30.664448,36.534298,23.363691
0.07057502865791321,0.07746393978595734,22.34536,26.523552,18.16717,30.568161,36.3869,23.341345
0.06998928704045036,0.07892449200153351,22.350609,26.454535,18.246689,30.85499,36.775795,23.486202
0.07083957371386615,0.08133424818515778,23.165096,27.405037,18.925158,31.322489,37.164726,24.10352
0.07061961191621693,0.07874605804681778,22.6873,27.08151,18.29309,30.820091,36.84574,23.284061
0.07059520076621663,0.07790099829435349,22.295187,26.229303,18.361069,30.654274,36.301205,23.69792
0.06974658437750557,0.07745107263326645,22.367783,26.428818,18.306751,30.565622,36.364845,23.369053
0.06984171169725331,0.07700163125991821,22.164886,26.329752,18.00002,30.476809,36.417786,23.052475
0.07082819464531812,0.07715777307748795,22.244577,26.36362,18.125534,30.507692,36.402782,23.157629
0.07053436474366621,0.07726593315601349,22.391273,26.70692,18.075624,30.529068,36.495457,23.067932
0.07006963748823512,0.08146262168884277,23.447676,27.884567,19.010786,31.347197,37.28325,23.98443
0.07038039036772469,0.07941440492868423,22.799995,26.820314,18.779675,30.950605,36.718945,23.824337
0.07032592120495709,0.076787568628788,22.157223,26.275816,18.038631,30.434416,36.26156,23.186348
0.06991565295241096,0.07782196253538132,22.30489,26.393665,18.216112,30.638716,36.439056,23.444769
0.06913216547532515,0.07690899819135666,22.180304,26.265844,18.094763,30.45847,36.214523,23.322632
0.06961574947292154,0.07725882530212402,22.244839,26.279823,18.209856,30.527664,36.281563,23.399244
0.06993858516216278,0.07718298584222794,22.191887,26.344486,18.039284,30.512674,36.374058,23.215826
0.06987576389854605,0.07715427875518799,22.315722,26.464403,18.167044,30.507002,36.409725,23.144894
0.06868146867914633,0.07809291779994965,22.547327,26.754099,18.340557,30.692009,36.592045,23.34569
0.0692107504741712,0.07856101542711258,22.304811,26.448275,18.161345,30.78386,36.673794,23.459002
0.06951396201144565,0.07675080001354218,22.098711,26.130926,18.066492,30.427128,36.29679,23.111969
0.06866702403534543,0.07763738930225372,22.457758,26.492443,18.423073,30.602364,36.371284,23.45504
0.0696801482276483,0.07849135994911194,22.704914,27.273172,18.13666,30.77021,36.8644,23.122017
0.06933004476807335,0.0778423324227333,22.372967,26.705372,18.040565,30.642729,36.698357,23.047434
0.06969580799341202,0.07831021398305893,22.30765,26.220291,18.395006,30.73468,36.324223,23.87032
0.07045217671177605,0.07754506170749664,22.161161,26.217806,18.10452,30.584162,36.38438,23.387146
0.07030279663476077,0.07724448293447495,22.137829,26.242851,18.032803,30.52483,36.373528,23.248589
0.06954533132639798,0.07760679721832275,22.515774,26.80031,18.231236,30.596333,36.515057,23.214695
0.0696543963118033,0.07732226699590683,22.309427,26.238605,18.380247,30.540195,36.288834,23.420662
0.06914951516823335,0.07754682004451752,22.538078,26.833752,18.242403,30.584509,36.45937,23.270985
0.06951144303787839,0.07763707637786865,22.29621,26.433517,18.158901,30.602303,36.564198,23.152994
0.06822831217538226,0.07630972564220428,22.066616,26.218937,17.914295,30.339571,36.266567,22.928488
0.0686142695221034,0.077570341527462,22.233227,26.547443,17.91901,30.589148,36.601833,23.058565
0.0687574405561794,0.07649435847997665,22.1337,26.272058,17.99534,30.376253,36.217606,23.102346
0.06892429359934547,0.08065933734178543,22.909498,27.467505,18.351494,31.192259,37.34031,23.486496
0.07133277776566418,0.07847431302070618,22.303381,26.37981,18.226954,30.766867,36.582546,23.556688
0.07121105763045224,0.08215779066085815,23.260752,28.40887,18.112638,31.480665,38.080746,23.063417
0.07143088497898796,0.07731501013040543,22.09651,26.282602,17.91042,30.538761,36.56394,22.985006
0.07052967087789015,0.0768018290400505,22.188766,26.47214,17.905394,30.437243,36.422134,22.940788
0.06894836608659137,0.07665077596902847,22.196764,26.43289,17.96064,30.407295,36.26146,23.115225
0.06830341470512477,0.07644574344158173,22.101078,26.120773,18.08138,30.366598,36.204037,23.098236
0.06905723498626189,0.07616093009710312,22.027617,26.18198,17.873247,30.309978,36.222767,22.919447
0.06885339150374586,0.0778479352593422,22.168272,26.306572,18.02997,30.643831,36.532436,23.312439
0.06878600472753699,0.07590465247631073,22.06499,26.201384,17.928593,30.25894,36.12469,22.93935
0.0704273676330393,0.07591841369867325,22.095991,26.22869,17.963293,30.26168,36.123314,22.94875
0.06918096339160745,0.07608050107955933,22.198421,26.47689,17.919956,30.29397,36.252644,22.829699
0.07089222087101503,0.07692822068929672,22.178965,26.487036,17.870892,30.462278,36.468662,22.933321
0.0693135762756521,0.08208619058132172,23.151396,27.947355,18.355434,31.466942,37.858315,23.389843
0.06942655010656877,0.0763649269938469,22.102758,26.197983,18.007536,30.350546,36.113033,23.19827
0.06898235461928627,0.0790325403213501,22.971598,27.267445,18.67575,30.876104,36.7332,23.608042
0.06885970316149971,0.07646255940198898,22.090322,26.29621,17.884428,30.36994,36.376842,22.834005
0.06973392177711833,0.0762559026479721,22.066702,26.19389,17.93951,30.32887,36.107037,23.150867
0.06840313496914777,0.07770108431577682,22.151709,26.247082,18.056332,30.614914,36.462193,23.346407
0.07002601501616565,0.08063719421625137,23.100801,27.297184,18.904419,31.187979,37.042614,23.942106
0.07091184637763283,0.0766851082444191,22.06905,26.187468,17.950632,30.414104,36.21872,23.199995
0.07021278210661629,0.0850137248635292,23.919281,28.163183,19.67538,32.023148,37.82249,24.908302
0.07196063548326492,0.0758930966258049,21.974613,26.15834,17.790882,30.256636,36.235836,22.757244
0.06890710172328082,0.07560915499925613,21.993464,26.112045,17.874886,30.199982,36.084415,22.847162
0.06950949064709923,0.07590200752019882,22.127068,26.38904,17.865091,30.258411,36.220314,22.78666
0.06753052771091461,0.07562720030546188,22.038296,26.255493,17.821098,30.203588,36.132748,22.780216
0.06980775635350835,0.07756202667951584,22.429142,26.738203,18.120083,30.587507,36.57423,23.097992
0.06943508102135225,0.07587916404008865,22.154549,26.261925,18.047176,30.25386,36.098255,22.967539
0.06909854439171878,0.07561153173446655,22.00155,26.101892,17.901205,30.200459,36.02168,22.947199
0.06856032731858167,0.07560794800519943,21.936754,26.1258,17.74771,30.199741,36.10551,22.813179
0.06831797821955247,0.076882004737854,22.463417,26.623312,18.303526,30.453127,36.297092,23.179878
0.06754349578510631,0.07624056935310364,21.96323,26.070112,17.856354,30.32582,36.166607,23.049667
0.06800579482858832,0.07757111638784409,22.417692,26.775385,18.059996,30.5893,36.61529,23.037601
0.0682152309878306,0.07616209983825684,21.978668,26.087515,17.869823,30.310213,36.1529,23.030102
0.06873019649223848,0.07761023193597794,22.567652,26.929216,18.206089,30.597012,36.580982,23.11246
0.06943549757654016,0.07598065584897995,21.989483,26.022196,17.95677,30.274084,36.012577,23.154585
0.06857631626454266,0.07555647939443588,21.977188,26.178308,17.776066,30.189463,36.045162,22.881294
0.068205230276693,0.07694877684116364,22.453985,26.979284,17.928686,30.466347,36.56218,22.794815
0.06869776276024905,0.07586844265460968,21.995522,26.09884,17.892202,30.251722,36.038097,23.056211
0.06872058321129192,0.07561025768518448,22.084806,26.333658,17.835955,30.200203,36.148693,22.74591
0.0675632581114769,0.07545395940542221,21.938896,26.061897,17.815897,30.168974,36.013027,22.877846
0.06791948730295355,0.07569731771945953,22.07273,26.28179,17.863668,30.217585,36.117863,22.84086
0.06789601661942223,0.07783643901348114,22.662281,27.292282,18.032284,30.641567,36.79503,22.889675
0.06856790117242119,0.07853889465332031,22.279886,26.189003,18.37077,30.779524,36.382263,23.897469
0.06795096837661484,0.07559000700712204,21.912436,26.092554,17.73232,30.19616,36.12224,22.777178
0.06858165088025006,0.08146841824054718,23.381308,27.422468,19.340147,31.34831,37.000084,24.421856
0.06966218758713115,0.0752953588962555,21.938454,26.04323,17.833675,30.137249,36.019222,22.78428
0.06716276265003464,0.07523032277822495,21.90635,26.099073,17.713629,30.124233,36.044277,22.710106
0.06736081364479932,0.07788463681936264,22.53556,26.991323,18.0798,30.651052,36.7435,22.997602
0.06925716251134872,0.07659709453582764,22.165812,26.599865,17.731752,30.396646,36.49109,22.722515
0.0699985372749242,0.07610972225666046,21.956665,26.147076,17.766254,30.29979,36.29899,22.771423
0.06914396380836313,0.07585190236568451,22.098772,26.08191,18.11563,30.248425,36.023266,23.07073
0.06787662343545393,0.07583130151033401,22.158487,26.303823,18.013157,30.244316,36.122585,22.90406
0.06874613667076285,0.07539280503988266,21.95601,26.181534,17.730492,30.156744,36.107933,22.695278
0.06870309737595645,0.07581870257854462,22.05015,26.269926,17.830374,30.241804,36.196144,22.780968
0.06873267076232216,0.07522064447402954,21.991407,26.202278,17.780533,30.122293,36.05146,22.69355
0.06713427027518098,0.07688354700803757,22.330376,26.541988,18.118763,30.45343,36.358868,23.083664
0.06747088276527145,0.07498424500226974,21.828886,25.974625,17.683147,30.074924,35.996128,22.6557
0.06810971247878941,0.07524310052394867,21.862225,26.006226,17.71822,30.12679,36.046417,22.713488
0.06756677173755386,0.07495679706335068,21.931828,26.079874,17.783777,30.069418,35.963516,22.692848
0.0678829394958236,0.07540085911750793,21.999626,26.307016,17.692232,30.158356,36.15608,22.622799
0.06801019744439558,0.0761341080069542,22.273535,26.63591,17.91116,30.304642,36.312397,22.76296
0.06780649653889916,0.07534544914960861,21.99552,26.208742,17.782293,30.147272,36.02236,22.80582
0.06870800222862851,0.07648181915283203,22.045963,26.114336,17.97759,30.373766,36.110703,23.262596
0.06748983433300798,0.07615598291158676,22.212727,26.525625,17.899828,30.308992,36.232834,22.900917
0.06806595928289673,0.0782422348856926,22.662756,27.047298,18.278215,30.721338,36.73358,23.200113
0.0683993703939698,0.07665152847766876,22.024248,26.088907,17.959587,30.407444,36.184853,23.235355
0.07017624242739244,0.07519127428531647,21.956081,26.17082,17.741346,30.116413,36.036358,22.70193
0.06726310910149054,0.075689397752285,22.093529,26.292095,17.89496,30.216003,36.1215,22.830927
0.0676173899661411,0.07529690861701965,22.023731,26.359535,17.687935,30.137558,36.088436,22.67531
0.06788003986532037,0.07549458742141724,21.888296,26.021482,17.755112,30.177095,36.01085,22.902683
0.06798741356893019,0.07499130815267563,21.90256,26.035233,17.769888,30.07634,35.936104,22.754532
0.07010055739771236,0.07493725419044495,21.927008,26.10747,17.746548,30.065496,35.97362,22.66642
0.06811407614837993,0.07554679363965988,21.936361,26.055235,17.817492,30.187527,36.14358,22.720362
0.067936933176084,0.07548444718122482,22.046354,26.221483,17.87123,30.175068,36.057434,22.823906
0.06725088845599782,0.07556238770484924,22.047104,26.06466,18.029545,30.190641,36.01289,22.935162
0.06776944920420647,0.07564447820186615,21.91687,26.215742,17.618004,30.207037,36.249195,22.603676
0.06678748435594818,0.07684580981731415,22.314262,26.584105,18.04442,30.445955,36.40744,22.987188
0.0683432590555061,0.07620929181575775,22.314377,26.50997,18.118786,30.3196,36.191505,22.994154
0.06923890486359596,0.07524120062589645,21.884104,26.078896,17.689312,30.12641,36.062553,22.68685
0.06766515089706941,0.07512034475803375,22.03199,26.113499,17.950481,30.102203,35.91264,22.859737
0.06654728712006049,0.07717277109622955,22.369778,26.610703,18.128855,30.510658,36.3868,23.190546
0.06744164634834636,0.07667812705039978,22.223368,26.28607,18.160667,30.41272,36.21555,23.201319
0.06776866418394176,0.07550456374883652,21.866985,26.016975,17.717001,30.17909,36.16221,22.668247
0.06834296204827049,0.07495342940092087,21.902187,26.090918,17.713457,30.068743,36.02104,22.599625
0.06807286360047081,0.07472553849220276,21.856297,25.974241,17.738354,30.022997,35.91766,22.64249
0.0668667077340863,0.07490533590316772,21.855227,25.964209,17.746248,30.059095,35.910004,22.75016
0.06751028583808379,0.07470506429672241,21.898888,26.14808,17.64969,30.018885,35.999832,22.500645
0.06749222326007756,0.07504115998744965,22.041342,26.205036,17.877642,30.086334,35.96736,22.731562
0.06802939826791937,0.07675890624523163,22.260061,26.51377,18.006353,30.428736,36.40033,22.952816
0.06878533857789906,0.07575023174285889,22.182962,26.520899,17.845026,30.228144,36.218735,22.708693
0.0672899569300088,0.07510938495397568,22.022007,26.307457,17.736559,30.100008,36.07591,22.595345
0.0681658007881858,0.07454992085695267,21.81325,25.975554,17.650948,29.987698,35.930393,22.52844
0.0676095648245378,0.07509591430425644,21.825127,25.973694,17.67656,30.09731,35.98706,22.72944
0.06713835522532463,0.07596160471439362,22.082577,26.392809,17.772346,30.270288,36.27894,22.724869
0.06793754547834396,0.07610732316970825,22.297327,26.456938,18.13772,30.29931,36.152683,23.001738
0.06684123995629224,0.07633832097053528,22.272802,26.578724,17.966879,30.345257,36.309013,22.876291
0.0675682012330402,0.07554082572460175,22.01162,26.173101,17.850138,30.186335,35.985092,22.967424
0.06796604123982516,0.07537844777107239,22.046343,26.330343,17.762342,30.153872,36.113205,22.679255
0.0667746856131337,0.07560333609580994,22.157011,26.56288,17.751143,30.198822,36.231483,22.610113
0.0671749050644311,0.07460976392030716,21.78922,25.926933,17.65151,29.999731,35.908844,22.594742
0.06738265942443501,0.07940421998500824,22.901182,27.187466,18.614895,30.948622,36.864132,23.593853
0.06918503276326439,0.07504887133836746,22.038618,26.34065,17.736584,30.087881,36.045807,22.611078
0.06819366054101424,0.0750323161482811,21.931225,26.084805,17.777647,30.08456,35.918148,22.80457
0.06707976521416144,0.07464177906513214,21.898851,26.220318,17.577381,30.006165,35.982834,22.493902
0.06733704900199716,0.07677122950553894,22.439518,26.985144,17.893892,30.431177,36.55199,22.717068
0.06670090793208643,0.07462378591299057,21.774086,25.933954,17.614218,30.002548,35.87953,22.64874
0.06653305312449281,0.07538233697414398,21.850597,25.950611,17.750582,30.154652,36.00147,22.858261
0.0672781000083143,0.07509512454271317,22.015402,26.323933,17.70687,30.09715,36.07101,22.595552
0.06666407937353308,0.07475214451551437,21.876474,25.94799,17.804958,30.028341,35.878323,22.718906
0.06885175373066556,0.0746440440416336,21.890316,26.095724,17.684908,30.00662,35.93013,22.579199
0.06641757014122876,0.07638702541589737,22.35228,26.7324,17.972158,30.354937,36.369427,22.805902
0.06784523143009706,0.07745238393545151,22.499887,27.127928,17.871847,30.56588,36.75722,22.74759
0.06822792203588919,0.07441941648721695,21.859737,26.136808,17.582666,29.961437,35.941536,22.440619
0.0670572014694864,0.07499801367521286,22.02698,26.452778,17.60118,30.077684,36.099297,22.498335
0.06715570525689558,0.07566739618778229,22.108444,26.460003,17.756884,30.211613,36.188602,22.71273
0.06748394363305786,0.07444945722818375,21.781105,25.994019,17.568188,29.967484,35.874,22.564491
0.06735430522398515,0.07437896728515625,21.812263,26.129368,17.495161,29.953293,35.97613,22.363304
0.0671404048123143,0.07442394644021988,21.766022,25.990967,17.541075,29.96235,35.919735,22.477936
0.06688836487856778,0.07430955767631531,21.763067,25.886204,17.639925,29.939314,35.769695,22.655107
0.06710183925249359,0.07532855868339539,21.980217,26.166088,17.794344,30.143894,35.9152,22.965345
0.06837573986161839,0.07640787959098816,22.30921,26.772423,17.845997,30.35908,36.46207,22.66858
0.06729678640311415,0.07429970055818558,21.834587,26.134,17.535175,29.937328,35.90999,22.426765
0.0672045810656114,0.07425501197576523,21.821648,26.085052,17.558243,29.928326,35.909107,22.404139
0.06635702435265887,0.07465633749961853,21.925846,26.057106,17.794586,30.009092,35.886383,22.655214
0.0665370723740621,0.07500898092985153,21.990805,26.31182,17.669788,30.079882,36.073612,22.545357
0.06678164343942296,0.07408685982227325,21.711647,25.90094,17.522356,29.894417,35.820213,22.455841
0.06761124357581139,0.0744045078754425,21.724964,25.916342,17.533588,29.958437,35.894245,22.508202
0.06787415729327635,0.07578158378601074,22.181135,26.517935,17.844334,30.2344,36.217686,22.72701
0.06698153167963028,0.07433927804231644,21.83931,26.006886,17.671734,29.9453,35.806713,22.612417
0.06650576537305658,0.07425734400749207,21.80881,26.086596,17.531023,29.928793,35.885098,22.44382
0.06688770482485945,0.07463617622852325,21.912655,26.152807,17.6725,30.00504,35.922256,22.587523
0.06584879485043613,0.07442133873701096,21.914387,26.220695,17.608074,29.961824,35.926357,22.465946
0.06770677695220167,0.07414362579584122,21.805746,26.094158,17.51733,29.905869,35.879143,22.392168
0.06556166877800768,0.07502344250679016,22.039263,26.307768,17.770758,30.08278,36.02807,22.625776
0.06684230809861963,0.07432520389556885,21.841114,26.009924,17.672306,29.942467,35.848713,22.538246
0.0668076913465153,0.07426412403583527,21.70887,25.960484,17.45726,29.93016,35.941284,22.357395
0.06688665293834427,0.0740143209695816,21.734951,25.906754,17.563147,29.87978,35.793407,22.459618
0.06699586693536151,0.07455407828092575,21.884594,26.182909,17.58628,29.988533,35.981342,22.449217
0.06771288338032636,0.07518868148326874,22.081268,26.378656,17.78388,30.115892,36.07551,22.638279
0.06667211787267165,0.07431060820817947,21.88178,26.242554,17.521015,29.939526,35.925594,22.407635
0.06645847992463545,0.07420843839645386,21.809391,26.075096,17.543684,29.918936,35.835625,22.496521
0.06725299798629501,0.07449620217084885,21.890606,26.099174,17.68204,29.976889,35.90443,22.541065
0.06671808084303682,0.07413548976182938,21.752077,25.987944,17.51621,29.904228,35.850006,22.434408
0.066176061603156,0.07449564337730408,21.901602,26.183012,17.62019,29.976778,35.93719,22.4885
0.06635817038741978,0.07396513968706131,21.7169,25.930714,17.503082,29.869848,35.816807,22.39581
0.06713788042014296,0.07418406754732132,21.85183,26.114868,17.588795,29.914024,35.84848,22.46295
0.06755872375585815,0.07433578372001648,21.848024,26.17313,17.522923,29.944597,35.949665,22.38257
0.06570079211484302,0.07412603497505188,21.833336,26.090496,17.576174,29.90232,35.842422,22.441444
0.06584618206728589,0.07395614683628082,21.705523,25.884388,17.526657,29.868034,35.778996,22.451336
0.06714673882180994,0.07379040122032166,21.726109,25.961231,17.490982,29.834547,35.763832,22.38635
0.06566805257038637,0.07423136383295059,21.855612,26.12358,17.587645,29.92356,35.880314,22.437506
0.06567823683673685,0.07424388080835342,21.831718,26.093496,17.569942,29.92608,35.887314,22.433043
0.06735606322234328,0.07389484345912933,21.702211,25.93629,17.468134,29.855654,35.796505,22.390406
0.06600929220969026,0.07417604327201843,21.832132,26.028376,17.635887,29.912407,35.76192,22.596224
0.06623043390837582,0.07431428879499435,21.853258,26.214859,17.491653,29.940268,35.959057,22.35588
0.06681982935829596,0.07402777671813965,21.764698,25.949347,17.580048,29.882496,35.7496,22.53649
0.06633869964968074,0.07394293695688248,21.703638,25.920887,17.48639,29.865368,35.779873,22.442842
0.06682811508124525,0.07384992390871048,21.709936,25.921993,17.497877,29.846575,35.778774,22.394545
0.06716734103181145,0.07389891892671585,21.73742,25.90784,17.567001,29.856476,35.7653,22.442408
0.06575577706098557,0.0739293023943901,21.674122,25.90707,17.441175,29.862614,35.84417,22.332642
0.06663196635517207,0.07744762301445007,22.626371,26.951632,18.301111,30.564941,36.49784,23.158987
0.0670921348712661,0.07402147352695465,21.721867,25.934164,17.509567,29.881224,35.819305,22.422142
0.06717982278628783,0.07480748742818832,22.04854,26.302053,17.795027,30.039455,35.955017,22.626852
0.06756280633536252,0.07408679276704788,21.80553,26.071545,17.539515,29.894403,35.828907,22.441935
0.06744400005448949,0.07429907470941544,21.70056,25.932419,17.468699,29.937202,35.927258,22.398762
0.06652565571394833,0.07405823469161987,21.791275,25.933084,17.649466,29.888641,35.772263,22.516815
0.06675306504422968,0.07435578852891922,21.906075,26.183977,17.628176,29.948626,35.887234,22.493258
0.06760091334581375,0.07406387478113174,21.787636,26.086382,17.488886,29.88978,35.86033,22.37934
0.06636886705051769,0.07395581901073456,21.783772,25.97919,17.588354,29.86797,35.78915,22.434973
0.0657373301007531,0.07530353963375092,22.112478,26.441086,17.783867,30.138887,36.11824,22.631342
0.06680693409659645,0.07379749417304993,21.739725,25.981993,17.497454,29.835981,35.7751,22.372166
0.06559188494628126,0.07424712926149368,21.900434,26.137318,17.663548,29.926737,35.853657,22.488537
0.06586975164034149,0.07394703477621078,21.751192,25.982124,17.520262,29.866194,35.798428,22.415432
0.06686349416320975,0.07414104789495468,21.724218,26.026516,17.421919,29.90535,35.914135,22.334608
0.0663781768896363,0.0739196240901947,21.667896,25.852325,17.48347,29.860657,35.80796,22.385439
0.06664424050937999,0.07457204163074493,21.945421,26.205389,17.685455,29.992144,35.940235,22.524586
0.06655258414420215,0.07383184134960175,21.731827,26.061348,17.40231,29.842922,35.83235,22.298939
0.06764576279304245,0.0742441862821579,21.808683,26.002758,17.614605,29.926144,35.79509,22.58007
0.06583638861775398,0.07395251840353012,21.761667,26.05352,17.469812,29.867304,35.837376,22.356073
0.06536681442098184,0.07361926138401031,21.706825,25.94604,17.46761,29.799929,35.738846,22.333977
0.06606727296655829,0.07412588596343994,21.83993,26.05075,17.629108,29.902292,35.800823,22.50767
0.06684262982823631,0.07457155734300613,21.915552,26.275295,17.555813,29.992046,36.017498,22.40057
0.06553932516412302,0.07433781027793884,21.899387,26.108332,17.690445,29.945005,35.8487,22.545008
0.06592665748162703,0.07530814409255981,21.823019,25.913383,17.73265,30.139809,35.937607,22.919518
0.06598435274579308,0.07585002481937408,22.155672,26.572018,17.739325,30.248049,36.304886,22.62398
0.06821538677269762,0.073842853307724,21.727608,25.874266,17.580952,29.84515,35.744873,22.444817
0.06618209081617268,0.07370112091302872,21.739107,25.979332,17.498878,29.816492,35.73481,22.384592
0.06680482829158957,0.07442892342805862,21.848288,26.185598,17.510973,29.96335,35.97809,22.387094
0.06587584486061876,0.07445967942476273,21.691536,25.910038,17.473032,29.969542,35.972805,22.412144
0.06628575040535493,0.07450420409440994,21.97425,26.124372,17.824125,29.978502,35.83277,22.659077
0.06676234846765344,0.07482318580150604,21.766724,25.898294,17.635155,30.042608,35.88256,22.749908
0.06705996258692308,0.07684851437807083,22.476915,26.895945,18.057884,30.44649,36.472034,22.885986
0.06708555600859901,0.07407306134700775,21.724184,25.952991,17.495378,29.891634,35.805218,22.472338
0.06658380343155428,0.07383006811141968,21.698755,25.895084,17.50243,29.842566,35.736538,22.451221
0.06629332222721794,0.07413618266582489,21.873262,26.164896,17.581625,29.904367,35.86551,22.409986
0.06656339832327583,0.07382208108901978,21.658064,25.840998,17.475128,29.840952,35.7567,22.4148
0.06720558553934097,0.07392308861017227,21.80114,26.091377,17.510899,29.861359,35.853107,22.314934
0.0664262439716946,0.07450288534164429,21.715235,25.858252,17.572214,29.978235,35.814007,22.688019
0.06567359173839743,0.07480206340551376,21.991453,26.371878,17.611029,30.038366,36.069267,22.441368
0.06721533225341277,0.0737994834780693,21.653814,25.843979,17.463652,29.836382,35.737064,22.43394
0.06642076847228137,0.07434741407632828,21.93271,26.270872,17.59455,29.946938,35.94017,22.404078
0.06682068752971562,0.07391701638698578,21.736944,26.043169,17.430723,29.860132,35.861824,22.29763
0.06808830255811865,0.07422377914190292,21.906979,26.217981,17.595974,29.92203,35.893536,22.41227
0.06601830639622429,0.07388931512832642,21.71366,25.913452,17.513859,29.854536,35.721645,22.506681
0.06577392735264519,0.07546079903841019,22.125135,26.543346,17.706923,30.170341,36.221024,22.550745
0.06744820082729513,0.07389813661575317,21.638685,25.878569,17.398804,29.85632,35.844612,22.315092
0.06632448055527428,0.07379265129566193,21.73344,25.92127,17.545609,29.835003,35.74062,22.4246
0.06673721494999799,0.07556797564029694,22.13082,26.573645,17.687996,30.19176,36.254036,22.555029
0.06572848897088658,0.07381115853786469,21.669815,25.850618,17.48901,29.838743,35.731853,22.448517
0.06719212166287682,0.07433968782424927,21.921846,26.17469,17.669,29.945383,35.877365,22.500372
0.06631058793176305,0.07365744560956955,21.694603,25.95188,17.437326,29.807657,35.750652,22.335701
0.0660275522280823,0.07585802674293518,22.142395,26.361914,17.922873,30.249645,36.170517,22.842417
0.06646203994750977,0.07371589541435242,21.750134,25.996372,17.503899,29.819483,35.745438,22.375582
0.0670470737598159,0.07363224774599075,21.625656,25.857702,17.393612,29.802557,35.743587,22.333403
0.06599581038410013,0.07434793561697006,21.93579,26.172035,17.699537,29.947046,35.870625,22.515532
0.06578666412017563,0.07396049797534943,21.750374,26.062183,17.43857,29.868914,35.875046,22.299889
0.0658457607708194,0.07348055392503738,21.705532,25.979286,17.431778,29.771843,35.709053,22.306702
0.0662827542559667,0.0744461789727211,21.917591,26.185497,17.649683,29.966824,35.840916,22.615261
0.06685029579834505,0.07429417222738266,21.855068,26.254454,17.455683,29.936214,35.96275,22.339085
0.06694940409877083,0.07383433729410172,21.806616,26.093803,17.519423,29.84343,35.796917,22.357126
0.06509319692850113,0.07426667213439941,21.946814,26.28673,17.606895,29.930674,35.9052,22.416672
0.06654199856248769,0.07397212088108063,21.759132,25.989353,17.528915,29.87126,35.81346,22.404919
0.0660113746469671,0.07369329035282135,21.736448,26.027605,17.445292,29.814909,35.777256,22.312454
0.06542878191579472,0.07362050563097,21.69764,25.952816,17.442463,29.800182,35.730625,22.347801
0.06523423878984018,0.07361619919538498,21.741072,25.988407,17.493742,29.799309,35.74891,22.316204
0.0656590038402514,0.07352924346923828,21.721756,25.98504,17.458467,29.781706,35.723434,22.309998
0.06600357795303519,0.07336629927158356,21.67521,25.957039,17.39338,29.748688,35.709988,22.24333
0.06540170447392897,0.07391209900379181,21.822212,26.086086,17.558332,29.859138,35.809853,22.378355
0.0662974627180533,0.0736151933670044,21.731855,25.998705,17.465014,29.799107,35.738106,22.332964
0.06513233923099258,0.0734088346362114,21.650726,25.871752,17.429697,29.75731,35.684082,22.307875
0.06673878160389987,0.07341857999563217,21.618486,25.827614,17.409357,29.759285,35.679363,22.32069
0.06511754407124086,0.07354509085416794,21.694567,25.918396,17.470741,29.784916,35.68169,22.385248
0.06649450280449608,0.07346836477518082,21.692299,25.971094,17.413502,29.769375,35.716454,22.288252
0.06587734987789934,0.07335887849330902,21.661816,25.888884,17.434746,29.747185,35.65764,22.32314
0.06516667184504596,0.07337778061628342,21.637539,25.879026,17.39605,29.751015,35.68777,22.28517
0.06565323167226532,0.07370366901159286,21.747398,26.033915,17.460886,29.817009,35.77905,22.315191
0.06539766659790819,0.07377912849187851,21.79579,26.098934,17.492647,29.832268,35.80409,22.315817
0.0666411512277343,0.07359465211629868,21.725838,26.007284,17.444393,29.794949,35.751637,22.30019
0.06518410925160754,0.07333552837371826,21.634619,25.87331,17.395927,29.742449,35.67112,22.288961
0.06549484011801807,0.07330503314733505,21.62847,25.849684,17.407257,29.736265,35.675983,22.26466
0.06556899777867577,0.07387665659189224,21.801783,26.094343,17.509216,29.85198,35.824024,22.33653
0.06638571416789835,0.07482796907424927,22.046068,26.411983,17.68015,30.043568,36.048424,22.48873
0.06538223847746849,0.07451238483190536,21.90999,26.19533,17.624651,29.980146,35.94193,22.489914
0.06551700220866637,0.0741882249712944,21.869568,26.260765,17.478369,29.914862,35.94745,22.306473
0.0675676404075189,0.07372372597455978,21.754107,26.029383,17.478834,29.821064,35.786777,22.313639
0.06677409566261551,0.07352829724550247,21.693933,25.945711,17.44216,29.781515,35.70305,22.342102
0.06588884409178387,0.07341638952493668,21.645367,25.883831,17.406906,29.75884,35.703102,22.281511
0.06522437489845535,0.07374176383018494,21.623903,25.802711,17.445093,29.824713,35.720634,22.429068
0.06694787164980714,0.07345379889011383,21.63214,25.839825,17.424452,29.766422,35.66816,22.357594
0.06492475758899342,0.07345116883516312,21.664679,25.890474,17.438883,29.76589,35.66312,22.364218
0.06602759489958937,0.07328454405069351,21.605259,25.831776,17.378744,29.73211,35.65259,22.291014
0.06586116789416833,0.0733204111456871,21.650675,25.887293,17.414057,29.739384,35.677902,22.269917
0.06486386467110027,0.07326339930295944,21.604391,25.82581,17.382969,29.72782,35.65006,22.28362
0.06599476798014207,0.07396259158849716,21.832016,26.154018,17.510015,29.869337,35.855896,22.331797
0.0663259235972708,0.07429582625627518,21.889261,26.25344,17.52508,29.936546,35.954617,22.353062
0.06573291190645912,0.07387420535087585,21.77258,26.036575,17.508585,29.851484,35.817596,22.345512
0.06641986254941333,0.07376500219106674,21.79464,26.104471,17.484814,29.829412,35.796894,22.319721
0.0653959373858842,0.07352741062641144,21.594809,25.804625,17.384989,29.781334,35.72571,22.305363
0.06562486561861905,0.07344095408916473,21.698982,25.990168,17.407799,29.76382,35.727654,22.255444
0.06648327511819926,0.07344356179237366,21.602781,25.801334,17.404226,29.764347,35.687233,22.321608
0.06551425091244957,0.07365989685058594,21.67957,25.870691,17.488445,29.808153,35.6817,22.447004
0.06670153005556627,0.07335279136896133,21.623682,25.864082,17.383284,29.74595,35.672188,22.296593
0.06577715108340437,0.07351081818342209,21.685501,25.895254,17.475752,29.777973,35.68869,22.355598
0.06597776101394133,0.07348790019750595,21.69672,25.963497,17.429943,29.773333,35.72609,22.283379
0.06518365002491257,0.07390177994966507,21.811644,26.172493,17.450792,29.857054,35.85448,22.3012
0.06533905931494453,0.07367910444736481,21.735533,25.996304,17.474758,29.812038,35.776333,22.306261
0.06590589982542125,0.07373049855232239,21.739399,26.029894,17.448902,29.822435,35.76088,22.358774
0.06560390205545859,0.0735333189368248,21.671535,25.942543,17.400532,29.78253,35.758575,22.255842
0.06545042246580124,0.07340660691261292,21.654232,25.885263,17.4232,29.756857,35.660328,22.344624
0.06616348705508492,0.07323911786079407,21.637325,25.929428,17.345224,29.722893,35.702682,22.186012
0.06526069444688884,0.07358159869909286,21.744446,25.968424,17.520468,29.792307,35.71136,22.357588
0.06632674451578748,0.07346658408641815,21.66316,25.883797,17.442522,29.769012,35.664474,22.370377
0.06530951031229713,0.07343271374702454,21.66477,25.886438,17.443102,29.76215,35.6595,22.360037
0.06614789332855832,0.0740358829498291,21.82173,26.076153,17.567305,29.884132,35.825237,22.420414
0.06651287390427156,0.07392652332782745,21.823364,26.1669,17.47983,29.862053,35.864204,22.298954
0.0656882527876984,0.07385493069887161,21.835205,26.17339,17.497019,29.847588,35.827267,22.31959
0.06860535625707019,0.07342177629470825,21.61063,25.82754,17.393719,29.759932,35.684273,22.314566
0.06656605716456067,0.0741439238190651,21.747185,25.88245,17.611914,29.90593,35.7039,22.670702
0.06576395407319069,0.07350748777389526,21.599897,25.807894,17.3919,29.777298,35.708557,22.32205
0.06666873395442963,0.07331927120685577,21.62425,25.867376,17.38112,29.739153,35.672756,22.277544
0.06594079529697244,0.07338357716798782,21.69289,25.983995,17.401785,29.75219,35.702946,22.263996
0.06530468707734888,0.07354215532541275,21.701248,25.952303,17.45019,29.78432,35.73031,22.305975
0.0654678622430021,0.07351770251989365,21.691376,25.988684,17.394068,29.77937,35.745014,22.26916
0.06554811718789014,0.07366615533828735,21.76084,26.044502,17.477179,29.809418,35.762787,22.320978
0.06519608809189363,0.07363863289356232,21.729622,26.027617,17.431627,29.80385,35.77568,22.28541
0.06521843339909207,0.07376234978437424,21.770784,26.082224,17.45934,29.828876,35.813904,22.29098
0.06577085297216069,0.07353804260492325,21.733147,26.040062,17.426231,29.783487,35.759937,22.256216
0.06772979958490892,0.07343704998493195,21.589195,25.803696,17.374697,29.763027,35.711308,22.279547
0.06627288189801303,0.07373656332492828,21.674103,25.86563,17.482574,29.823662,35.669125,22.508118
0.06537641788070853,0.07317985594272614,21.602606,25.833794,17.371418,29.710865,35.6482,22.241325
0.06608862192793326,0.07327651232481003,21.634762,25.888517,17.381008,29.73048,35.65292,22.286146
0.06564491140571507,0.07325974851846695,21.601068,25.858625,17.34351,29.72708,35.692234,22.214016
0.06571613252162933,0.07339473068714142,21.655987,25.880875,17.431099,29.754452,35.698093,22.27781
0.06623566082932732,0.07409460097551346,21.886847,26.264662,17.509035,29.895979,35.89707,22.336952
0.06569604880430481,0.07394713908433914,21.812227,26.110449,17.514004,29.866217,35.84087,22.34757
0.06529988721013069,0.07325351983308792,21.64288,25.89386,17.391903,29.725815,35.67031,22.245825
0.06529192863540216,0.07338471710681915,21.680933,25.91377,17.448097,29.752422,35.68065,22.300327
0.06618286127393896,0.0733279138803482,21.646465,25.889114,17.403818,29.740906,35.69371,22.248638
0.06585210155357014,0.07331586629152298,21.62355,25.847166,17.399933,29.738462,35.6305,22.34322
0.06590993600812825,0.07327332347631454,21.651169,25.897419,17.404919,29.729832,35.6291,22.322475
0.0655712407420982,0.07316615432500839,21.55933,25.76936,17.349295,29.708082,35.648617,22.233229
0.06607343087142165,0.07345227897167206,21.705397,25.990204,17.42059,29.766113,35.72782,22.261305
0.06625820425423709,0.07368913292884827,21.720345,25.99678,17.443909,29.814068,35.702652,22.429398
0.06524706056172197,0.07324045151472092,21.574556,25.803791,17.345322,29.723162,35.65563,22.262276
0.06631248207254843,0.07316258549690247,21.590288,25.813477,17.3671,29.707357,35.652157,22.22561
0.06519087336280129,0.07335997372865677,21.603855,25.814032,17.393682,29.747404,35.664757,22.312355
0.06542295048182661,0.07327305525541306,21.590414,25.805706,17.375116,29.72978,35.62516,22.328623
0.06626227870583534,0.0734218955039978,21.685156,25.933338,17.436975,29.759958,35.706318,22.27934
0.06572323834354227,0.07338997721672058,21.633894,25.861603,17.406189,29.75349,35.672997,22.31541
0.06518781591545451,0.07330049574375153,21.584047,25.819212,17.348885,29.735342,35.70545,22.214914
0.06521456383846023,0.07340632379055023,21.680395,25.93307,17.427723,29.7568,35.69041,22.29639
0.06625100292942741,0.07330484688282013,21.634378,25.894787,17.373968,29.736227,35.68987,22.242296
0.06591858511621301,0.07329516112804413,21.626528,25.871555,17.3815,29.73426,35.672092,22.265543
0.0656677328727462,0.0733584389090538,21.686312,26.003063,17.369553,29.747093,35.724506,22.215736
0.06537893211299722,0.07405053824186325,21.798752,26.072712,17.524788,29.887089,35.84809,22.391756
0.06592898003079674,0.07498093694448471,22.026558,26.45593,17.597183,30.07426,36.129536,22.440563
0.06642285632816228,0.07340774685144424,21.693346,25.980936,17.40575,29.75709,35.72574,22.240513
0.06589887595989487,0.07329350709915161,21.600035,25.817287,17.38278,29.733925,35.64299,22.311205
0.06540314074267041,0.07335641235113144,21.59573,25.8002,17.391262,29.746683,35.676945,22.290937
0.06694363396276128,0.07344017922878265,21.673159,25.94654,17.399784,29.763664,35.734955,22.243298
0.06566384536298839,0.07389223575592041,21.817976,26.168333,17.467619,29.855125,35.8413,22.317219
